ALLOC_BUFFERS_IN_4K_CHUNKS	drivers/staging/android/ion/Kconfig
ANDROID_INTF_ALARM_DEV	drivers/staging/android/Kconfig
ANDROID_TIMED_GPIO	drivers/staging/android/Kconfig
ANDROID_TREBLE_BYPASS_KERNEL_VERSION_CHECKS	init/Kconfig
ANDROID_TREBLE_SPOOF_KERNEL_VERSION	init/Kconfig
ARCH_MSM	arch/arm64/Kconfig
ARCH_MSM8916	arch/arm64/Kconfig
ARMV7_COMPAT	arch/arm64/Kconfig
BACKLIGHT_LM3630	drivers/video/backlight/Kconfig
BUS_TOPOLOGY_ADHOC	drivers/platform/msm/Kconfig
CC_STACKPROTECTOR	arch/Kconfig
CC_STACKPROTECTOR_REGULAR	arch/Kconfig
CGROUP_BFQIO	block/Kconfig.iosched
CPU_FREQ_GOV_INTERACTIVE	drivers/cpufreq/Kconfig
DM_REQ_CRYPT	drivers/md/Kconfig
ENABLE_LINUX_REG	drivers/staging/prima/Kconfig
GPIO_QPNP_PIN	drivers/gpio/Kconfig
HW_RANDOM_MSM	drivers/char/hw_random/Kconfig
INPUT_KEYCHORD	drivers/input/misc/Kconfig
ION_MSM	drivers/staging/android/ion/Kconfig
IP6_NF_TARGET_REJECT_SKERR	net/ipv6/netfilter/Kconfig
IPC_ROUTER	net/ipc_router/Kconfig
IPC_ROUTER_SECURITY	net/ipc_router/Kconfig
IPV6_PRIVACY	net/ipv6/Kconfig
IP_NF_TARGET_REJECT_SKERR	net/ipv4/netfilter/Kconfig
KGSL_PER_PROCESS_PAGE_TABLE	drivers/gpu/msm/Kconfig
MACH_15399	drivers/platform/oppo/Kconfig
MMC_CLKGATE	drivers/mmc/core/Kconfig
MMC_PARANOID_SD_INIT	drivers/mmc/core/Kconfig
MMC_UNSAFE_RESUME	drivers/mmc/core/Kconfig
MSM_ADSP_LOADER	drivers/soc/qcom/Kconfig
MSM_AVTIMER	drivers/platform/msm/Kconfig
MSM_BUS_SCALING	drivers/platform/msm/Kconfig
MSM_COMMON_LOG	drivers/soc/qcom/Kconfig
MSM_CORE_CTL	drivers/soc/qcom/Kconfig
MSM_FORCE_WDOG_BITE_ON_PANIC	drivers/soc/qcom/Kconfig
MSM_IOMMU_V1	drivers/iommu/Kconfig
MSM_IPC_ROUTER_SMD_XPRT	drivers/soc/qcom/Kconfig
MSM_KGSL	drivers/gpu/msm/Kconfig
MSM_MEMORY_DUMP_V2	drivers/soc/qcom/Kconfig
MSM_PRESERVE_MEM	drivers/power/reset/Kconfig
MSM_QMI_INTERFACE	drivers/soc/qcom/Kconfig
MSM_QPNP_INT	drivers/spmi/Kconfig
MSM_SCM	drivers/soc/qcom/Kconfig
MSM_SMD	drivers/soc/qcom/Kconfig
MSM_SMEM	drivers/soc/qcom/Kconfig
MSM_SMP2P	drivers/soc/qcom/Kconfig
MSM_SMP2P_TEST	drivers/soc/qcom/Kconfig
MSM_SYSMON_COMM	drivers/soc/qcom/Kconfig
MSM_VIDC_V4L2	drivers/media/platform/msm/vidc/Kconfig
MSM_WATCHDOG_V2	drivers/soc/qcom/Kconfig
NETFILTER_TPROXY	net/netfilter/Kconfig
NETFILTER_XT_MATCH_QTAGUID	net/netfilter/Kconfig
NF_CONNTRACK_IPV4	net/ipv4/netfilter/Kconfig
NF_CONNTRACK_IPV6	net/ipv6/netfilter/Kconfig
ONESHOT_SYNC	drivers/staging/android/Kconfig
OPPO_CAMERA_51	drivers/media/platform/msm/Kconfig
OPPO_CHARGER	drivers/power/Kconfig
PFT	drivers/platform/msm/Kconfig
PINCTRL_MSM_TLMM	drivers/pinctrl/Kconfig
PM_RUNTIME	kernel/power/Kconfig
PPPOLAC	drivers/net/ppp/Kconfig
PPPOPNS	drivers/net/ppp/Kconfig
PRIMA_WLAN_11AC_HIGH_TP	drivers/staging/prima/Kconfig
PRIMA_WLAN_LFR	drivers/staging/prima/Kconfig
PRIMA_WLAN_OKC	drivers/staging/prima/Kconfig
PROC_DEVICETREE	drivers/of/Kconfig
PUBLIC_KEY_ALGO_RSA	crypto/asymmetric_keys/Kconfig
QCOM_TDLS	drivers/staging/prima/Kconfig
QCOM_VOWIFI_11R	drivers/staging/prima/Kconfig
QMI_ENCDEC	lib/Kconfig
QPNP_COINCELL	drivers/platform/msm/Kconfig
QPNP_POWER_ON	drivers/platform/msm/Kconfig
QPNP_VIBRATOR	drivers/platform/msm/Kconfig
REGULATOR_ONSEMI_NCP6335D	drivers/regulator/Kconfig
REGULATOR_QPNP	drivers/regulator/Kconfig
REMOTE_SPINLOCK_MSM	drivers/hwspinlock/Kconfig
RESOURCE_COUNTERS	init/Kconfig
RMNET_DATA	net/rmnet_data/Kconfig
RMNET_DATA_FC	net/rmnet_data/Kconfig
RTC_DRV_QPNP	drivers/rtc/Kconfig
SCHED_FREQ_INPUT	drivers/cpufreq/Kconfig
SCHED_HMP	init/Kconfig
SCSI_MULTI_LUN	drivers/scsi/Kconfig
SCSI_TGT	drivers/scsi/Kconfig
SENSORS	drivers/sensors/Kconfig
SENSORS_AKM8963	drivers/input/misc/Kconfig
SENSORS_APDS9921	drivers/input/misc/Kconfig
SENSORS_LIS3DH	drivers/input/misc/Kconfig
SENSORS_MMC3416X	drivers/input/misc/Kconfig
SENSORS_QPNP_ADC_VOLTAGE	drivers/hwmon/Kconfig
SERIAL_MSM_HSL	drivers/tty/serial/Kconfig
SERIAL_MSM_SMD	drivers/tty/serial/Kconfig
SND_SOC_MSM8X16	sound/soc/msm/Kconfig
SUSPEND_TIME	kernel/power/Kconfig
SWITCH	drivers/switch/Kconfig
THERMAL_MONITOR	drivers/thermal/Kconfig
THERMAL_QPNP	drivers/thermal/Kconfig
THERMAL_TSENS8974	drivers/thermal/Kconfig
TOUCHSCREEN_SYNAPTICS_OPPO	drivers/input/touchscreen/synaptics_oppo/Kconfig
UID_CPUTIME	drivers/misc/Kconfig
UID_STAT	drivers/misc/Kconfig
USB_CCID_BRIDGE	drivers/usb/class/Kconfig
USB_EHCI_EHSET	drivers/usb/host/Kconfig
USB_EHCI_MSM_UICC	drivers/usb/host/Kconfig
USB_G_ANDROID	drivers/usb/gadget/Kconfig
USB_OTG_WAKELOCK	drivers/usb/phy/Kconfig
USB_SERIAL_CSVT	drivers/usb/serial/Kconfig
USE_PINCTRL_IRQ	drivers/pinctrl/Kconfig
VIDEOBUF2_MSM_MEM	drivers/media/v4l2-core/Kconfig
WCD9335_CODEC	drivers/mfd/Kconfig
WLAN_FEATURE_11W	drivers/staging/prima/Kconfig
WLAN_OFFLOAD_PACKETS	drivers/staging/prima/Kconfig
ZRAM_LZ4_COMPRESS	drivers/block/zram/Kconfig
